datetime,name,temp,feelslike,dew,humidity,precip,precipprob,preciptype,snow,snowdepth,windgust,windspeed,winddir,sealevelpressure,cloudcover,visibility,solarradiation,solarenergy,uvindex,severerisk,conditions,icon,stations
2024-02-20 00:00:00,"61.083,13.617",-2.0,-4.1,-3.0,92.86,0.0,0.0,,0.0,74.4,9.0,5.4,230.0,1012.0,100.0,10.0,0.0,0.0,0,10,Overcast,cloudy,"ESKM,F7772"
2024-02-20 01:00:00,"61.083,13.617",-2.0,-4.1,-3.0,92.86,0.0,0.0,,0.0,74.4,10.4,5.4,250.0,1011.0,100.0,10.0,0.0,0.0,0,10,Overcast,cloudy,"ESKM,F7772"
2024-02-20 02:00:00,"61.083,13.617",-2.0,-5.0,-3.0,92.86,0.0,0.0,,0.0,74.4,10.8,7.6,240.0,1011.0,100.0,10.0,0.0,0.0,0,10,Overcast,cloudy,"ESKM,F7772"
2024-02-20 03:00:00,"61.083,13.617",-3.0,-7.3,-3.0,100.0,0.0,0.0,,0.0,74.4,10.8,11.2,240.0,1011.0,100.0,10.0,0.0,0.0,0,10,Overcast,cloudy,"ESKM,F7772"
2024-02-20 04:00:00,"61.083,13.617",-3.0,-6.7,-3.0,100.0,0.0,0.0,,0.0,74.4,10.4,9.4,230.0,1011.0,100.0,10.0,0.0,0.0,0,10,Overcast,cloudy,"ESKM,F7772"
2024-02-20 05:00:00,"61.083,13.617",-3.0,-6.1,-4.0,92.8,0.0,0.0,,0.0,74.4,10.1,7.6,230.0,1011.0,100.0,10.0,0.0,0.0,0,10,Overcast,cloudy,"ESKM,F7772"
2024-02-20 06:00:00,"61.083,13.617",-3.0,-6.7,-4.0,92.8,0.0,0.0,,0.0,74.4,11.9,9.4,240.0,1011.0,100.0,10.0,0.0,0.0,0,10,Overcast,cloudy,"ESKM,F7772"
2024-02-20 07:00:00,"61.083,13.617",-3.0,-6.7,-4.0,92.8,0.0,0.0,,0.0,74.7,10.8,9.4,250.0,1011.0,42.5,10.0,0.0,0.0,0,10,Partially cloudy,partly-cloudy-night,"ESKM,F7772"
2024-02-20 08:00:00,"61.083,13.617",-3.0,-6.1,-4.0,92.8,0.0,0.0,,0.0,74.7,11.9,7.6,240.0,1011.0,100.0,10.0,15.0,0.1,0,10,Overcast,cloudy,"ESKM,F7772"
2024-02-20 09:00:00,"61.083,13.617",-3.0,-6.7,-4.0,92.8,0.0,0.0,,0.0,74.7,13.0,9.4,250.0,1011.0,44.8,10.0,88.0,0.3,1,10,Partially cloudy,partly-cloudy-day,"ESKM,F7772"
2024-02-20 10:00:00,"61.083,13.617",-2.0,-6.1,-4.0,86.18,0.0,0.0,,0.0,74.7,14.8,11.2,240.0,1011.0,43.5,10.0,174.0,0.6,2,10,Partially cloudy,partly-cloudy-day,"ESKM,F7772"
2024-02-20 11:00:00,"61.083,13.617",0.0,-2.6,-3.0,80.22,0.0,0.0,,0.0,74.7,14.8,7.6,240.0,1011.0,43.4,10.0,266.0,1.0,3,10,Partially cloudy,partly-cloudy-day,"ESKM,F7772"
2024-02-20 12:00:00,"61.083,13.617",0.0,-1.8,-3.0,80.22,0.0,0.0,,0.0,74.7,13.7,5.4,220.0,1011.0,100.0,10.0,232.0,0.8,2,10,Overcast,cloudy,"ESKM,F7772"
2024-02-20 13:00:00,"61.083,13.617",1.0,-0.7,-3.0,74.63,0.0,0.0,,0.0,74.6,10.1,5.4,242.3,1010.0,100.0,10.0,197.0,0.7,2,10,Overcast,cloudy,"ESKM,F7772"
2024-02-20 14:00:00,"61.083,13.617",2.0,-0.3,-3.0,69.47,0.0,0.0,,0.0,74.5,11.5,7.6,150.0,1010.0,80.7,10.0,146.0,0.5,1,10,Partially cloudy,partly-cloudy-day,"ESKM,F7772"
2024-02-20 15:00:00,"61.083,13.617",-1.0,-3.8,-4.0,80.08,0.0,0.0,,0.0,74.3,12.6,7.6,100.0,1010.0,96.7,10.0,87.0,0.3,1,10,Overcast,cloudy,"ESKM,F7772"
2024-02-20 16:00:00,"61.083,13.617",-1.0,-3.0,-4.0,80.08,0.0,0.0,,0.0,74.2,13.7,5.4,150.0,1009.0,99.7,10.0,34.0,0.1,0,10,Overcast,cloudy,"ESKM,F7772"
2024-02-20 17:00:00,"61.083,13.617",-1.0,-3.0,-4.0,80.08,0.0,0.0,,0.0,74.1,14.0,5.4,150.0,1009.0,88.1,10.0,8.0,0.0,0,10,Partially cloudy,partly-cloudy-day,"ESKM,F7772"
2024-02-20 18:00:00,"61.083,13.617",0.0,-4.1,-3.0,80.22,0.0,0.0,,0.0,74.0,15.1,13.0,190.0,1008.0,69.2,10.0,0.0,0.0,0,10,Partially cloudy,partly-cloudy-night,"ESKM,F7772"
2024-02-20 19:00:00,"61.083,13.617",-1.0,-4.4,-3.0,86.28,0.0,0.0,,0.0,74.0,15.1,9.4,200.0,1008.0,99.1,10.0,0.0,0.0,0,10,Overcast,cloudy,"ESKM,F7772"
2024-02-20 20:00:00,"61.083,13.617",-1.0,-4.9,-3.0,86.28,0.0,0.0,,0.0,73.9,16.2,11.2,210.0,1007.0,100.0,10.0,0.0,0.0,0,10,Overcast,cloudy,"ESKM,F7772"
2024-02-20 21:00:00,"61.083,13.617",-1.0,-4.4,-3.0,86.28,0.0,0.0,,0.0,73.9,18.0,9.4,190.0,1007.0,100.0,10.0,0.0,0.0,0,10,Overcast,cloudy,"ESKM,F7772"
2024-02-20 22:00:00,"61.083,13.617",-2.7,-6.2,-3.5,94.22,0.1,29.0,freezingrain,0.0,73.9,19.4,8.6,218.4,1007.0,100.0,0.8,0.0,0.0,0,10,Overcast,fog,
2024-02-20 23:00:00,"61.083,13.617",-2.7,-6.0,-3.6,93.52,0.2,29.0,snow,0.0,73.9,17.3,8.3,211.7,1007.0,100.0,0.3,0.0,0.0,0,10,Overcast,fog,
2024-02-21 00:00:00,"61.083,13.617",-2.6,-5.5,-3.1,96.35,0.0,29.0,,0.0,73.9,15.8,7.2,206.6,1006.0,100.0,0.1,0.0,0.0,0,10,Overcast,fog,
2024-02-21 01:00:00,"61.083,13.617",-2.5,-5.0,-2.6,99.26,0.0,29.0,snow,0.0,73.8,14.4,6.1,204.6,1005.0,100.0,0.1,0.0,0.0,0,10,Overcast,fog,
2024-02-21 02:00:00,"61.083,13.617",-2.4,-2.4,-2.4,100.0,0.0,74.2,snow,0.1,73.8,11.9,4.0,198.5,1004.0,100.0,0.0,0.0,0.0,0,10,"Snow, Overcast",snow,
2024-02-21 03:00:00,"61.083,13.617",-2.3,-2.3,-2.5,98.53,0.1,74.2,snow,0.0,73.7,9.7,2.9,175.4,1003.0,99.9,0.0,0.0,0.0,0,10,"Snow, Overcast",snow,
2024-02-21 04:00:00,"61.083,13.617",-2.2,-2.2,-2.5,97.81,0.6,74.2,snow,0.5,74.2,8.3,2.9,169.6,1002.0,100.0,0.0,0.0,0.0,0,10,"Snow, Overcast",snow,
2024-02-21 05:00:00,"61.083,13.617",-2.0,-2.0,-2.4,97.09,1.3,74.2,snow,0.9,75.1,8.3,2.5,224.7,1002.0,99.5,0.0,0.0,0.0,0,10,"Snow, Overcast",snow,
2024-02-21 06:00:00,"61.083,13.617",-1.9,-1.9,-2.3,97.09,0.7,74.2,"rain,snow",0.6,75.7,7.2,2.9,261.5,1001.0,97.0,0.1,0.0,0.0,0,10,"Snow, Rain, Overcast",snow,
2024-02-21 07:00:00,"61.083,13.617",-2.0,-2.0,-2.3,97.81,0.5,74.2,snow,0.3,76.0,10.1,4.3,283.3,1001.0,99.9,0.1,0.0,0.0,0,10,"Snow, Overcast",snow,
2024-02-21 08:00:00,"61.083,13.617",-1.8,-3.7,-2.3,96.38,0.6,29.0,"rain,snow",0.4,76.4,12.2,5.0,300.4,1001.0,100.0,0.7,0.0,0.0,0,10,Overcast,fog,
2024-02-21 09:00:00,"61.083,13.617",-1.8,-4.5,-2.4,95.67,0.5,29.0,snow,0.3,76.7,15.1,6.8,298.7,1001.0,100.0,1.4,13.0,0.0,0,10,Overcast,cloudy,
2024-02-21 10:00:00,"61.083,13.617",-1.4,-4.6,-2.2,94.28,0.2,29.0,snow,0.2,76.9,18.0,8.6,303.4,1001.0,100.0,1.8,48.0,0.2,0,10,Overcast,cloudy,
2024-02-21 11:00:00,"61.083,13.617",-1.2,-6.0,-1.9,94.99,0.7,29.0,snow,0.3,77.2,25.2,15.1,328.7,1002.0,100.0,0.2,76.0,0.3,1,10,Overcast,fog,
2024-02-21 12:00:00,"61.083,13.617",-0.4,-4.9,-1.2,94.33,0.5,29.0,"rain,snow",0.2,77.4,26.6,14.8,321.3,1002.0,99.5,2.0,155.0,0.6,2,10,Overcast,cloudy,
2024-02-21 13:00:00,"61.083,13.617",0.5,-3.5,-0.9,90.33,0.0,29.0,,0.0,77.1,24.5,13.3,322.1,1002.0,100.0,0.5,218.0,0.8,2,10,Overcast,fog,
2024-02-21 14:00:00,"61.083,13.617",1.3,-1.5,-0.8,85.9,0.1,0.0,"rain,snow",0.0,76.9,22.3,9.0,322.3,1002.0,64.0,0.1,238.0,0.9,2,10,Partially cloudy,fog,
2024-02-21 15:00:00,"61.083,13.617",1.4,-0.5,-1.3,82.22,0.0,0.0,,0.0,76.7,16.9,6.1,337.6,1001.0,21.4,0.0,139.0,0.5,1,10,Partially cloudy,partly-cloudy-day,
2024-02-21 16:00:00,"61.083,13.617",1.1,-0.7,-1.8,80.98,0.0,0.0,,0.0,76.4,14.0,5.8,296.3,1002.0,0.0,0.2,55.0,0.2,1,10,Clear,fog,
2024-02-21 17:00:00,"61.083,13.617",0.7,0.7,-2.1,81.52,0.0,0.0,,0.0,76.2,12.6,4.7,270.2,1001.0,0.0,17.0,14.0,0.1,0,10,Clear,clear-day,
2024-02-21 18:00:00,"61.083,13.617",0.0,0.0,-2.3,84.5,0.0,0.0,,0.0,76.1,10.1,4.7,241.9,1001.0,0.0,20.6,0.0,0.0,0,10,Clear,clear-night,
2024-02-21 19:00:00,"61.083,13.617",-0.9,-0.9,-2.7,87.59,0.0,0.0,,0.0,76.0,10.1,4.3,234.4,1001.0,0.0,24.1,0.0,0.0,0,10,Clear,clear-night,
2024-02-21 20:00:00,"61.083,13.617",-1.6,-1.6,-3.2,88.83,0.0,0.0,,0.0,75.9,9.7,4.3,230.2,1001.0,100.0,24.1,0.0,0.0,0,10,Overcast,cloudy,
2024-02-21 21:00:00,"61.083,13.617",-2.1,-4.0,-3.7,88.79,0.0,0.0,,0.0,75.9,11.5,5.0,211.2,1000.0,100.0,24.1,0.0,0.0,0,10,Overcast,cloudy,
2024-02-21 22:00:00,"61.083,13.617",-2.4,-4.7,-3.9,89.43,0.0,0.0,,0.0,75.9,13.7,5.8,211.7,999.0,100.0,7.5,0.0,0.0,0,10,Overcast,cloudy,
2024-02-21 23:00:00,"61.083,13.617",-2.6,-5.1,-3.9,90.77,0.0,0.0,,0.0,75.9,14.4,6.1,200.3,999.0,99.9,24.1,0.0,0.0,0,10,Overcast,cloudy,
2024-02-22 00:00:00,"61.083,13.617",-2.8,-5.5,-3.9,92.12,0.0,0.0,,0.0,75.9,14.8,6.5,174.6,998.0,100.0,3.6,0.0,0.0,0,10,Overcast,cloudy,
2024-02-22 01:00:00,"61.083,13.617",-3.3,-6.5,-4.2,93.49,0.0,0.0,,0.0,75.9,17.3,7.6,158.6,997.0,100.0,0.2,0.0,0.0,0,10,Overcast,fog,
2024-02-22 02:00:00,"61.083,13.617",-3.5,-7.2,-4.1,95.61,0.0,87.1,snow,0.0,75.9,20.2,9.0,148.8,996.0,100.0,0.1,0.0,0.0,0,10,"Snow, Overcast",snow,
2024-02-22 03:00:00,"61.083,13.617",-3.6,-7.7,-4.0,97.05,0.0,87.1,snow,0.0,75.9,21.6,10.1,146.1,995.0,100.0,0.2,0.0,0.0,0,10,"Snow, Overcast",snow,
2024-02-22 04:00:00,"61.083,13.617",-3.2,-8.0,-3.4,98.52,0.0,87.1,snow,0.0,75.9,26.3,13.3,152.1,994.0,100.0,0.1,0.0,0.0,0,10,"Snow, Overcast",snow,
2024-02-22 05:00:00,"61.083,13.617",-3.0,-7.4,-3.5,96.34,0.4,87.1,snow,0.2,76.1,25.9,11.9,143.7,993.0,100.0,0.1,0.0,0.0,0,10,"Snow, Overcast",snow,
2024-02-22 06:00:00,"61.083,13.617",-2.9,-7.3,-3.4,96.35,0.4,87.1,snow,0.3,76.4,23.4,11.9,140.6,992.0,96.0,0.0,0.0,0.0,0,10,"Snow, Overcast",snow,
2024-02-22 07:00:00,"61.083,13.617",-2.6,-7.1,-3.1,96.35,0.3,87.1,snow,0.2,76.6,24.1,12.2,142.6,991.0,99.9,0.0,0.0,0.0,0,10,"Snow, Overcast",snow,
2024-02-22 08:00:00,"61.083,13.617",-2.3,-6.3,-2.8,96.36,0.4,96.8,snow,0.3,76.9,23.8,10.8,141.6,991.0,95.9,0.0,0.0,0.0,0,10,"Snow, Overcast",snow,
2024-02-22 09:00:00,"61.083,13.617",-2.1,-6.1,-2.6,96.37,0.3,96.8,snow,0.1,77.0,21.6,10.8,138.8,991.0,100.0,0.0,4.0,0.0,0,10,"Snow, Overcast",snow,
2024-02-22 10:00:00,"61.083,13.617",-1.6,-5.5,-2.0,97.1,0.3,96.8,snow,0.1,77.1,22.3,10.8,140.2,990.0,98.6,0.0,8.0,0.0,0,10,"Snow, Overcast",snow,
2024-02-22 11:00:00,"61.083,13.617",-1.1,-5.1,-1.5,97.11,0.2,96.8,"rain,snow",0.0,77.1,23.0,11.9,137.9,990.0,98.6,0.0,11.0,0.0,0,10,"Snow, Rain, Overcast",snow,
2024-02-22 12:00:00,"61.083,13.617",-0.4,-4.4,-0.8,97.13,0.1,96.8,rain,0.0,77.0,24.1,12.2,150.8,989.0,99.1,0.0,17.0,0.1,0,10,"Rain, Overcast",snow,
2024-02-22 13:00:00,"61.083,13.617",0.2,-3.8,-0.3,96.44,0.1,96.8,snow,0.0,76.9,24.1,13.0,152.8,989.0,100.0,0.0,17.0,0.1,0,10,"Snow, Overcast",rain,
2024-02-22 14:00:00,"61.083,13.617",0.6,-3.7,0.1,96.45,0.1,90.3,snow,0.0,76.6,25.9,14.8,156.6,988.0,100.0,0.0,11.0,0.0,0,10,"Snow, Overcast",rain,
2024-02-22 15:00:00,"61.083,13.617",0.7,-3.4,0.6,99.28,0.0,90.3,snow,0.0,76.3,26.6,14.0,160.4,988.0,100.0,0.0,15.0,0.1,0,10,"Snow, Overcast",rain,
2024-02-22 16:00:00,"61.083,13.617",0.7,-3.1,0.7,100.0,0.2,90.3,snow,0.0,76.1,25.6,12.6,159.3,988.0,100.0,0.0,10.0,0.0,0,10,"Snow, Overcast",rain,
2024-02-22 17:00:00,"61.083,13.617",0.8,-2.7,0.8,100.0,0.0,90.3,snow,0.0,75.7,23.0,11.2,157.5,987.0,100.0,0.0,2.0,0.0,0,10,"Snow, Overcast",rain,
2024-02-22 18:00:00,"61.083,13.617",0.8,-2.6,0.8,100.0,0.0,90.3,snow,0.0,75.4,21.2,10.8,150.1,987.0,100.0,0.0,0.0,0.0,0,10,"Snow, Overcast",rain,
2024-02-22 19:00:00,"61.083,13.617",0.7,-2.6,0.7,100.0,0.0,90.3,snow,0.0,75.1,20.9,10.4,152.2,987.0,100.0,0.0,0.0,0.0,0,10,"Snow, Overcast",rain,
2024-02-22 20:00:00,"61.083,13.617",0.5,-3.3,0.5,100.0,0.0,100.0,"rain,snow",0.0,74.8,22.3,12.2,139.7,986.0,100.0,0.0,0.0,0.0,0,10,"Snow, Rain, Overcast",rain,
2024-02-22 21:00:00,"61.083,13.617",0.5,-3.0,0.5,100.0,0.1,100.0,snow,0.0,74.6,25.2,11.2,140.7,986.0,100.0,0.0,0.0,0.0,0,10,"Snow, Overcast",rain,
2024-02-22 22:00:00,"61.083,13.617",0.4,-3.4,0.4,100.0,0.0,100.0,snow,0.0,74.3,22.3,12.2,128.2,985.0,100.0,0.0,0.0,0.0,0,10,"Snow, Overcast",rain,
2024-02-22 23:00:00,"61.083,13.617",0.4,-3.6,0.4,100.0,0.0,100.0,snow,0.0,74.0,23.4,13.0,124.2,984.0,100.0,0.0,0.0,0.0,0,10,"Snow, Overcast",rain,
2024-02-23 00:00:00,"61.083,13.617",0.5,-3.5,0.5,100.0,0.1,100.0,snow,0.0,73.8,26.6,13.3,114.8,983.0,100.0,0.0,0.0,0.0,0,10,"Snow, Overcast",rain,
2024-02-23 01:00:00,"61.083,13.617",0.5,-3.4,0.5,100.0,0.0,100.0,snow,0.0,73.5,24.8,13.0,109.3,982.0,100.0,0.0,0.0,0.0,0,10,"Snow, Overcast",rain,
2024-02-23 02:00:00,"61.083,13.617",0.3,-4.0,0.3,100.0,0.3,96.8,snow,0.0,73.3,26.3,14.4,99.2,981.0,100.0,0.0,0.0,0.0,0,10,"Snow, Overcast",rain,
2024-02-23 03:00:00,"61.083,13.617",0.2,-4.4,0.1,99.28,1.2,96.8,snow,0.2,73.5,27.0,15.8,97.9,980.0,100.0,0.0,0.0,0.0,0,10,"Snow, Overcast",snow,
2024-02-23 04:00:00,"61.083,13.617",0.2,-5.2,0.2,100.0,0.3,96.8,snow,0.0,73.3,36.0,20.9,100.3,978.0,100.0,0.0,0.0,0.0,0,10,"Snow, Overcast",rain,
2024-02-23 05:00:00,"61.083,13.617",0.1,-5.9,0.1,100.0,1.1,96.8,snow,0.3,73.6,45.7,25.9,97.3,976.0,100.0,0.0,0.0,0.0,0,10,"Snow, Overcast",snow,
2024-02-23 06:00:00,"61.083,13.617",0.3,-5.6,-0.1,97.14,2.4,96.8,snow,1.2,74.8,46.4,25.6,99.4,974.0,100.0,0.0,0.0,0.0,0,10,"Snow, Overcast",snow,
2024-02-23 07:00:00,"61.083,13.617",0.2,-6.1,-0.3,96.44,2.1,96.8,snow,1.2,76.0,50.8,28.4,99.7,972.0,100.0,0.0,0.0,0.0,0,10,"Snow, Overcast",snow,
2024-02-23 08:00:00,"61.083,13.617",0.3,-6.0,-0.2,96.44,1.2,67.7,snow,0.6,76.6,51.8,29.2,112.2,971.0,100.0,0.0,0.0,0.0,0,10,"Snow, Overcast",snow,
2024-02-23 09:00:00,"61.083,13.617",0.3,-5.9,-0.2,96.44,1.4,67.7,snow,0.5,77.1,51.8,28.1,117.2,970.0,97.7,0.0,3.0,0.0,0,10,"Snow, Overcast",snow,
2024-02-23 10:00:00,"61.083,13.617",0.4,-5.6,-0.2,95.74,0.3,67.7,snow,0.0,77.1,50.4,26.3,119.9,968.0,99.9,0.5,8.0,0.0,0,10,"Snow, Overcast",rain,
2024-02-23 11:00:00,"61.083,13.617",0.4,-5.6,-0.6,93.0,0.8,67.7,snow,0.0,77.1,48.2,26.6,131.6,967.0,100.0,7.1,85.0,0.3,1,10,"Snow, Overcast",rain,
2024-02-23 12:00:00,"61.083,13.617",0.1,-6.3,-1.3,90.3,0.5,67.7,snow,0.0,77.1,53.3,29.5,143.6,967.0,96.4,1.0,182.0,0.7,2,10,"Snow, Overcast",rain,
2024-02-23 13:00:00,"61.083,13.617",-0.2,-6.7,-1.4,91.61,0.7,67.7,snow,0.2,77.3,53.6,28.8,158.3,967.0,100.0,20.0,78.0,0.3,1,10,"Snow, Overcast",snow,
2024-02-23 14:00:00,"61.083,13.617",0.0,-6.0,-1.2,91.62,0.7,58.1,"rain,snow",0.2,77.5,57.6,25.6,165.1,967.0,99.9,24.1,51.0,0.2,1,10,"Snow, Rain, Overcast",snow,
2024-02-23 15:00:00,"61.083,13.617",0.2,-5.7,-1.4,88.99,0.4,58.1,"rain,snow",0.0,77.4,44.6,25.2,191.3,968.0,100.0,24.1,125.0,0.5,1,10,"Snow, Rain, Overcast",rain,
2024-02-23 16:00:00,"61.083,13.617",0.4,-5.7,-1.2,89.01,0.1,58.1,"rain,snow",0.0,77.2,49.3,27.4,209.3,970.0,98.4,24.1,119.0,0.4,1,10,"Snow, Rain, Overcast",rain,
2024-02-23 17:00:00,"61.083,13.617",0.3,-6.2,-1.0,90.97,0.2,58.1,"rain,snow",0.0,77.1,55.1,30.2,208.9,972.0,98.8,24.1,35.0,0.1,0,10,"Snow, Rain, Overcast",rain,
2024-02-23 18:00:00,"61.083,13.617",0.4,-6.6,-1.1,89.66,0.7,58.1,"rain,snow",0.2,77.3,68.4,36.7,216.0,974.0,100.0,22.7,0.0,0.0,0,10,"Snow, Rain, Overcast",snow,
2024-02-23 19:00:00,"61.083,13.617",0.5,-6.7,-1.4,87.08,0.7,58.1,"rain,snow",0.2,77.5,74.5,39.6,214.9,977.0,98.6,24.1,0.0,0.0,0,10,"Snow, Rain, Overcast",snow,
2024-02-23 20:00:00,"61.083,13.617",0.5,-6.5,-1.5,86.45,0.0,35.5,,0.0,77.37,72.5,37.7,214.4,979.3,99.1,24.1,0.0,0.0,0,10,Overcast,cloudy,
2024-02-23 21:00:00,"61.083,13.617",0.6,-6.2,-1.5,85.82,0.0,35.5,snow,0.0,77.23,70.4,35.8,214.0,981.7,99.5,24.1,0.0,0.0,0,10,Overcast,cloudy,
2024-02-23 22:00:00,"61.083,13.617",0.7,-6.0,-1.5,85.2,0.1,35.5,snow,0.0,77.1,68.4,33.8,213.5,984.0,100.0,21.9,0.0,0.0,0,10,Overcast,cloudy,
2024-02-23 23:00:00,"61.083,13.617",0.7,-5.8,-1.3,86.25,0.0,35.5,snow,0.0,76.9,65.0,32.8,211.7,985.0,94.9,2.9,0.0,0.0,0,10,Overcast,cloudy,
2024-02-24 00:00:00,"61.083,13.617",0.7,-5.7,-1.1,87.32,0.0,35.5,snow,0.0,76.7,61.7,31.7,210.0,986.0,89.8,4.3,0.0,0.0,0,10,Partially cloudy,partly-cloudy-night,
2024-02-24 01:00:00,"61.083,13.617",0.8,-5.5,-0.9,88.39,0.1,35.5,"rain,snow",0.0,76.5,58.3,30.6,208.2,987.0,84.7,24.1,0.0,0.0,0,10,Partially cloudy,partly-cloudy-night,
2024-02-24 02:00:00,"61.083,13.617",0.7,-5.6,-1.0,88.6,0.0,38.7,,0.0,76.33,57.1,29.9,208.5,988.3,86.6,24.1,0.0,0.0,0,10,Partially cloudy,partly-cloudy-night,
2024-02-24 03:00:00,"61.083,13.617",0.6,-5.6,-1.1,88.81,0.0,38.7,snow,0.0,76.17,55.9,29.2,208.9,989.7,88.4,5.5,0.0,0.0,0,10,Partially cloudy,partly-cloudy-night,
2024-02-24 04:00:00,"61.083,13.617",0.5,-5.7,-1.1,89.01,0.0,38.7,,0.0,76.0,54.7,28.4,209.2,991.0,90.3,8.8,0.0,0.0,0,10,Overcast,cloudy,
2024-02-24 05:00:00,"61.083,13.617",0.3,-5.8,-1.2,89.66,0.0,38.7,snow,0.0,75.83,52.6,27.5,208.1,991.7,87.1,4.2,0.0,0.0,0,10,Partially cloudy,partly-cloudy-night,
2024-02-24 06:00:00,"61.083,13.617",0.2,-5.8,-1.2,90.31,0.0,38.7,,0.0,75.67,50.4,26.5,206.9,992.3,83.9,3.6,0.0,0.0,0,10,Partially cloudy,partly-cloudy-night,
2024-02-24 07:00:00,"61.083,13.617",0.1,-5.9,-1.2,90.96,0.1,38.7,"rain,snow",0.0,75.5,48.2,25.6,205.8,993.0,80.7,16.2,0.0,0.0,0,10,Partially cloudy,partly-cloudy-night,
2024-02-24 08:00:00,"61.083,13.617",0.1,-5.8,-1.3,90.3,0.0,16.1,,0.0,75.37,47.9,25.1,205.5,994.0,84.3,24.1,4.0,0.0,0,10,Partially cloudy,partly-cloudy-day,
2024-02-24 09:00:00,"61.083,13.617",0.1,-5.7,-1.4,89.64,0.0,16.1,,0.0,75.23,47.5,24.6,205.2,995.0,87.8,9.7,58.0,0.2,1,10,Partially cloudy,partly-cloudy-day,
2024-02-24 10:00:00,"61.083,13.617",0.2,-5.6,-1.4,88.99,0.0,16.1,,0.0,75.1,47.2,24.1,204.9,996.0,91.4,13.4,54.0,0.2,1,10,Overcast,cloudy,
2024-02-24 11:00:00,"61.083,13.617",0.4,-5.0,-1.3,88.15,0.0,16.1,,0.0,74.9,43.0,22.2,200.9,996.3,93.3,23.7,103.0,0.4,1,10,Overcast,cloudy,
2024-02-24 12:00:00,"61.083,13.617",0.7,-4.4,-1.2,87.31,0.0,16.1,,0.0,74.7,38.8,20.3,196.8,996.7,95.2,24.1,120.0,0.4,1,10,Overcast,cloudy,
2024-02-24 13:00:00,"61.083,13.617",1.0,-3.8,-1.0,86.49,0.0,16.1,,0.0,74.5,34.6,18.4,192.8,997.0,97.1,24.1,95.0,0.3,1,10,Overcast,cloudy,
2024-02-24 14:00:00,"61.083,13.617",1.0,-3.6,-1.0,86.49,0.0,6.5,snow,0.0,74.27,31.6,16.9,190.8,997.3,96.9,15.3,88.0,0.3,1,10,Overcast,cloudy,
2024-02-24 15:00:00,"61.083,13.617",1.0,-3.3,-1.0,86.49,0.0,6.5,,0.0,74.03,28.6,15.5,188.9,997.7,96.6,8.9,47.0,0.2,0,10,Overcast,cloudy,
2024-02-24 16:00:00,"61.083,13.617",1.0,-3.0,-1.0,86.49,0.1,6.5,"rain,snow",0.0,73.8,25.6,14.0,186.9,998.0,96.4,6.1,28.0,0.1,0,10,Overcast,cloudy,
2024-02-24 17:00:00,"61.083,13.617",0.7,-3.3,-0.9,89.25,0.0,6.5,,0.0,73.63,24.0,13.4,181.1,998.3,95.9,9.9,11.0,0.0,0,10,Overcast,cloudy,
2024-02-24 18:00:00,"61.083,13.617",0.4,-3.5,-0.7,92.1,0.0,6.5,,0.0,73.47,22.4,12.8,175.2,998.7,95.3,4.2,0.0,0.0,0,10,Overcast,cloudy,
2024-02-24 19:00:00,"61.083,13.617",0.2,-3.7,-0.5,95.04,0.0,6.5,,0.0,73.3,20.9,12.2,169.4,999.0,94.8,7.1,0.0,0.0,0,10,Overcast,cloudy,
2024-02-24 20:00:00,"61.083,13.617",0.0,-3.3,-0.5,95.97,0.0,25.8,,0.0,73.27,20.0,10.1,154.7,999.0,95.4,5.2,0.0,0.0,0,10,Overcast,cloudy,
2024-02-24 21:00:00,"61.083,13.617",-0.1,-2.8,-0.5,96.9,0.0,25.8,,0.0,73.23,19.2,7.9,139.9,999.0,95.9,4.4,0.0,0.0,0,10,Overcast,cloudy,
2024-02-24 22:00:00,"61.083,13.617",-0.2,-2.2,-0.5,97.84,0.3,25.8,snow,0.0,73.2,18.4,5.8,125.2,999.0,96.5,1.6,0.0,0.0,0,10,Overcast,cloudy,
2024-02-24 23:00:00,"61.083,13.617",-0.5,-2.8,-0.7,98.31,0.0,25.8,snow,0.0,73.13,18.2,6.6,120.2,999.0,97.7,2.7,0.0,0.0,0,10,Overcast,cloudy,
2024-02-25 00:00:00,"61.083,13.617",-0.7,-3.4,-0.9,98.79,0.0,25.8,,0.0,73.07,18.1,7.4,115.3,999.0,98.8,22.8,0.0,0.0,0,10,Overcast,cloudy,
2024-02-25 01:00:00,"61.083,13.617",-0.9,-3.9,-1.0,99.27,0.0,25.8,,0.0,73.0,18.0,8.3,110.3,999.0,100.0,24.1,0.0,0.0,0,10,Overcast,cloudy,
2024-02-25 02:00:00,"61.083,13.617",-1.0,-3.7,-1.1,99.27,0.0,54.8,"rain,snow",0.0,72.97,16.3,7.4,109.3,998.7,100.0,24.1,0.0,0.0,0,10,"Snow, Rain, Overcast",snow,
2024-02-25 03:00:00,"61.083,13.617",-1.0,-3.4,-1.1,99.27,0.0,54.8,"rain,snow",0.0,72.93,14.6,6.6,108.3,998.3,100.0,24.1,0.0,0.0,0,10,"Snow, Rain, Overcast",snow,
2024-02-25 04:00:00,"61.083,13.617",-1.0,-3.1,-1.1,99.27,0.2,54.8,"rain,snow",0.0,72.9,13.0,5.8,107.3,998.0,100.0,24.1,0.0,0.0,0,10,"Snow, Rain, Overcast",snow,
2024-02-25 05:00:00,"61.083,13.617",-1.1,-3.1,-1.2,98.79,0.0,54.8,snow,0.0,72.93,12.4,5.6,104.0,998.3,99.3,0.3,0.0,0.0,0,10,"Snow, Overcast",snow,
2024-02-25 06:00:00,"61.083,13.617",-1.1,-3.1,-1.3,98.31,0.0,54.8,snow,0.1,72.97,11.8,5.5,100.6,998.7,98.6,0.2,0.0,0.0,0,10,"Snow, Overcast",snow,
2024-02-25 07:00:00,"61.083,13.617",-1.1,-3.1,-1.4,97.82,0.3,54.8,"rain,snow",0.1,73.0,11.2,5.4,97.3,999.0,97.9,0.1,0.0,0.0,0,10,"Snow, Rain, Overcast",snow,
2024-02-25 08:00:00,"61.083,13.617",-1.1,-3.3,-1.5,97.35,0.0,71.0,snow,0.2,73.33,12.0,5.9,105.7,999.3,98.6,0.1,2.0,0.0,0,10,"Snow, Overcast",snow,
2024-02-25 09:00:00,"61.083,13.617",-1.1,-3.5,-1.6,96.87,0.0,71.0,snow,0.3,73.67,12.8,6.4,114.0,999.7,99.3,0.1,29.0,0.1,0,10,"Snow, Overcast",snow,
2024-02-25 10:00:00,"61.083,13.617",-1.1,-3.7,-1.6,96.4,1.4,71.0,snow,1.0,74.0,13.7,6.8,122.4,1000.0,100.0,0.1,27.0,0.1,0,10,"Snow, Overcast",snow,
2024-02-25 11:00:00,"61.083,13.617",-0.5,-4.3,-0.8,97.84,0.0,71.0,snow,0.0,21.2,28.8,11.5,186.5,1007.0,100.0,0.3,27.0,0.1,0,10,"Snow, Overcast",snow,
2024-02-25 12:00:00,"61.083,13.617",-0.3,-4.2,-1.2,93.64,0.0,71.0,"rain,snow",0.0,20.9,25.6,11.9,190.6,1007.0,99.8,23.1,122.0,0.4,1,10,"Snow, Rain, Overcast",snow,
2024-02-25 13:00:00,"61.083,13.617",-0.3,-4.1,-1.3,92.96,0.0,71.0,"rain,snow",0.0,20.8,26.3,11.5,181.0,1008.0,100.0,13.3,123.0,0.4,1,10,"Snow, Rain, Overcast",snow,
2024-02-25 14:00:00,"61.083,13.617",-0.3,-3.8,-1.2,94.1,0.0,29.0,,0.0,20.8,25.9,10.2,165.7,1008.3,100.0,14.1,96.3,0.3,1,10,Overcast,cloudy,
2024-02-25 15:00:00,"61.083,13.617",-0.3,-3.4,-1.0,95.25,0.0,29.0,,0.0,20.8,25.6,8.9,150.3,1008.7,100.0,15.0,69.7,0.3,1,10,Overcast,cloudy,
2024-02-25 16:00:00,"61.083,13.617",-0.3,-3.0,-0.8,96.42,0.1,29.0,"rain,snow",0.0,20.8,25.2,7.6,135.0,1009.0,100.0,15.8,43.0,0.2,0,10,Overcast,cloudy,
2024-02-25 17:00:00,"61.083,13.617",-0.3,-3.1,-1.0,94.79,0.0,29.0,,0.0,20.8,26.3,8.2,135.2,1009.3,100.0,18.6,28.7,0.1,0,10,Overcast,cloudy,
2024-02-25 18:00:00,"61.083,13.617",-0.3,-3.3,-1.2,93.19,0.0,29.0,,0.0,20.8,27.4,8.8,135.5,1009.7,100.0,21.3,14.3,0.1,0,10,Overcast,cloudy,
2024-02-25 19:00:00,"61.083,13.617",-0.2,-3.4,-1.4,91.61,0.0,29.0,,0.0,20.8,28.4,9.4,135.7,1010.0,100.0,24.1,0.0,0.0,0,10,Overcast,cloudy,
2024-02-25 20:00:00,"61.083,13.617",-0.2,-3.3,-1.4,92.06,0.0,32.3,,0.0,20.8,29.6,9.0,128.3,1010.3,96.9,20.3,0.0,0.0,0,10,Overcast,cloudy,
2024-02-25 21:00:00,"61.083,13.617",-0.2,-3.2,-1.3,92.51,0.0,32.3,,0.0,20.8,30.8,8.6,120.8,1010.7,93.7,16.5,0.0,0.0,0,10,Overcast,cloudy,
2024-02-25 22:00:00,"61.083,13.617",-0.2,-3.1,-1.2,92.96,0.0,32.3,snow,0.0,20.8,32.0,8.3,113.4,1011.0,90.6,12.7,0.0,0.0,0,10,Overcast,cloudy,
2024-02-25 23:00:00,"61.083,13.617",-0.6,-3.6,-1.4,94.55,0.0,32.3,,0.0,20.8,28.2,8.3,118.2,1011.3,93.7,10.6,0.0,0.0,0,10,Overcast,cloudy,
2024-02-26 00:00:00,"61.083,13.617",-1.1,-4.0,-1.6,96.17,0.0,32.3,,0.0,20.8,24.4,8.3,122.9,1011.7,96.9,8.4,0.0,0.0,0,10,Overcast,cloudy,
2024-02-26 01:00:00,"61.083,13.617",-1.4,-4.5,-1.7,97.82,0.0,32.3,,0.0,20.8,20.5,8.3,127.7,1012.0,100.0,6.3,0.0,0.0,0,10,Overcast,cloudy,
2024-02-26 02:00:00,"61.083,13.617",-1.6,-4.2,-1.8,97.82,0.0,19.4,,0.0,20.8,19.7,7.1,112.5,1012.3,100.0,7.1,0.0,0.0,0,10,Overcast,cloudy,
2024-02-26 03:00:00,"61.083,13.617",-1.6,-3.9,-1.9,97.82,0.0,19.4,,0.0,20.8,18.8,5.9,97.4,1012.7,100.0,7.8,0.0,0.0,0,10,Overcast,cloudy,
2024-02-26 04:00:00,"61.083,13.617",-1.7,-1.7,-2.0,97.81,0.0,19.4,,0.0,20.8,18.0,4.7,82.2,1013.0,100.0,8.6,0.0,0.0,0,10,Overcast,cloudy,
2024-02-26 05:00:00,"61.083,13.617",-1.8,-4.1,-2.1,97.81,0.0,19.4,,0.0,20.8,19.6,6.0,76.3,1013.3,100.0,6.2,0.0,0.0,0,10,Overcast,cloudy,
2024-02-26 06:00:00,"61.083,13.617",-1.9,-4.7,-2.2,97.81,0.0,19.4,,0.0,20.8,21.1,7.3,70.3,1013.7,100.0,3.9,0.0,0.0,0,10,Overcast,cloudy,
2024-02-26 07:00:00,"61.083,13.617",-1.9,-5.2,-2.2,97.81,0.0,19.4,,0.0,20.8,22.7,8.6,64.4,1014.0,100.0,1.5,0.0,0.0,0,10,Overcast,cloudy,
2024-02-26 08:00:00,"61.083,13.617",-1.6,-5.1,-1.9,97.82,0.0,25.8,,0.0,20.8,24.4,9.7,54.7,1014.0,100.0,1.5,10.0,0.0,0,10,Overcast,cloudy,
2024-02-26 09:00:00,"61.083,13.617",-1.3,-5.0,-1.6,97.82,0.0,25.8,,0.0,20.8,26.0,10.8,45.1,1014.0,100.0,1.4,20.0,0.1,0,10,Overcast,cloudy,
2024-02-26 10:00:00,"61.083,13.617",-0.9,-4.9,-1.2,97.83,0.1,25.8,"rain,snow",0.0,20.8,27.7,11.9,35.4,1014.0,100.0,1.4,30.0,0.1,0,10,Overcast,cloudy,
2024-02-26 11:00:00,"61.083,13.617",-0.7,-4.8,-1.0,97.83,0.0,25.8,,0.0,20.6,30.0,13.0,34.7,1013.3,100.0,8.4,61.0,0.2,1,10,Overcast,cloudy,
2024-02-26 12:00:00,"61.083,13.617",-0.4,-4.7,-0.7,97.84,0.0,25.8,,0.0,20.4,32.3,14.0,33.9,1012.7,100.0,15.3,92.0,0.3,1,10,Overcast,cloudy,
2024-02-26 13:00:00,"61.083,13.617",-0.1,-4.6,-0.4,97.84,0.0,25.8,,0.0,20.2,34.6,15.1,33.2,1012.0,100.0,22.3,123.0,0.4,1,10,Overcast,cloudy,
2024-02-26 14:00:00,"61.083,13.617",-0.3,-4.9,-0.6,97.84,0.0,32.3,,0.0,20.0,36.4,15.6,33.4,1012.0,100.0,14.9,115.3,0.4,1,10,Overcast,cloudy,
2024-02-26 15:00:00,"61.083,13.617",-0.4,-5.1,-0.7,97.84,0.0,32.3,,0.0,19.8,38.2,16.1,33.6,1012.0,100.0,7.6,107.7,0.4,1,10,Overcast,cloudy,
2024-02-26 16:00:00,"61.083,13.617",-0.5,-5.4,-0.8,97.84,0.1,32.3,snow,0.0,19.6,40.0,16.6,33.8,1012.0,100.0,0.2,100.0,0.4,1,10,Overcast,fog,
2024-02-26 17:00:00,"61.083,13.617",-0.6,-5.6,-1.0,97.36,0.0,32.3,,0.0,19.73,41.4,17.3,34.4,1012.0,100.0,0.2,66.7,0.3,1,10,Overcast,fog,
2024-02-26 18:00:00,"61.083,13.617",-0.7,-5.9,-1.2,96.88,0.0,32.3,,0.0,19.87,42.8,18.0,35.0,1012.0,100.0,0.2,33.3,0.1,0,10,Overcast,fog,
2024-02-26 19:00:00,"61.083,13.617",-0.8,-6.1,-1.3,96.41,0.7,32.3,snow,0.4,20.0,44.3,18.7,35.6,1012.0,100.0,0.2,0.0,0.0,0,10,Overcast,fog,
2024-02-26 20:00:00,"61.083,13.617",-1.0,-6.2,-1.5,96.87,0.0,48.4,"rain,snow",0.0,20.23,43.1,18.1,36.2,1012.3,100.0,0.2,0.0,0.0,0,10,"Snow, Rain, Overcast",snow,
2024-02-26 21:00:00,"61.083,13.617",-1.2,-6.4,-1.6,97.35,0.0,48.4,"rain,snow",0.0,20.47,41.9,17.5,36.7,1012.7,100.0,0.2,0.0,0.0,0,10,"Snow, Rain, Overcast",snow,
2024-02-26 22:00:00,"61.083,13.617",-1.4,-6.5,-1.7,97.82,0.8,48.4,snow,0.7,20.7,40.7,16.9,37.3,1013.0,100.0,0.2,0.0,0.0,0,10,"Snow, Overcast",snow,
2024-02-26 23:00:00,"61.083,13.617",-1.6,-6.8,-2.1,97.1,0.0,48.4,"rain,snow",0.0,20.93,40.7,16.9,36.3,1013.0,100.0,0.2,0.0,0.0,0,10,"Snow, Rain, Overcast",snow,
2024-02-27 00:00:00,"61.083,13.617",-1.8,-7.0,-2.3,96.38,0.0,48.4,"rain,snow",0.0,21.17,40.7,16.9,35.4,1013.0,99.9,0.2,0.0,0.0,0,10,"Snow, Rain, Overcast",snow,
2024-02-27 01:00:00,"61.083,13.617",-2.0,-7.3,-2.6,95.66,1.0,48.4,snow,0.7,21.4,40.7,16.9,34.4,1013.0,99.9,0.2,0.0,0.0,0,10,"Snow, Overcast",snow,
2024-02-27 02:00:00,"61.083,13.617",-2.1,-7.3,-2.7,96.13,0.0,54.8,snow,0.0,21.6,40.3,16.4,34.4,1013.0,99.9,0.2,0.0,0.0,0,10,"Snow, Overcast",snow,
2024-02-27 03:00:00,"61.083,13.617",-2.2,-7.4,-2.7,96.6,0.0,54.8,snow,0.0,21.8,40.0,16.0,34.4,1013.0,100.0,0.1,0.0,0.0,0,10,"Snow, Overcast",snow,
2024-02-27 04:00:00,"61.083,13.617",-2.3,-7.4,-2.7,97.08,0.7,54.8,snow,0.6,22.0,39.6,15.5,34.4,1013.0,100.0,0.1,0.0,0.0,0,10,"Snow, Overcast",snow,
2024-02-27 05:00:00,"61.083,13.617",-2.4,-7.4,-2.8,97.08,0.0,54.8,snow,0.0,22.3,39.1,15.5,34.9,1013.0,100.0,0.1,0.0,0.0,0,10,"Snow, Overcast",snow,
2024-02-27 06:00:00,"61.083,13.617",-2.4,-7.5,-2.8,97.08,0.0,54.8,snow,0.0,22.6,38.6,15.5,35.5,1013.0,100.0,0.1,0.0,0.0,0,10,"Snow, Overcast",snow,
2024-02-27 07:00:00,"61.083,13.617",-2.4,-7.5,-2.8,97.08,1.2,54.8,snow,0.9,22.9,38.2,15.5,36.0,1013.0,100.0,0.1,0.0,0.0,0,10,"Snow, Overcast",snow,
2024-02-27 08:00:00,"61.083,13.617",-2.3,-7.2,-2.7,97.32,0.0,45.2,snow,0.0,23.23,36.5,14.8,37.0,1013.0,100.0,0.1,4.7,0.0,0,10,"Snow, Overcast",snow,
2024-02-27 09:00:00,"61.083,13.617",-2.2,-6.9,-2.5,97.57,0.0,45.2,snow,0.0,23.57,34.8,14.0,38.0,1013.0,100.0,0.1,9.3,0.1,0,10,"Snow, Overcast",snow,
2024-02-27 10:00:00,"61.083,13.617",-2.0,-6.6,-2.3,97.81,1.3,45.2,snow,1.0,23.9,33.1,13.3,39.0,1013.0,100.0,0.1,14.0,0.1,0,10,"Snow, Overcast",snow,
2024-02-27 11:00:00,"61.083,13.617",-1.6,-6.1,-1.9,97.82,0.0,45.2,"rain,snow",0.0,24.17,32.8,13.4,40.7,1012.7,100.0,0.2,26.3,0.1,0,10,"Snow, Rain, Overcast",snow,
2024-02-27 12:00:00,"61.083,13.617",-1.2,-5.6,-1.5,97.82,0.0,45.2,"rain,snow",0.0,24.43,32.4,13.6,42.4,1012.3,100.0,0.3,38.7,0.2,0,10,"Snow, Rain, Overcast",snow,
2024-02-27 13:00:00,"61.083,13.617",-0.8,-5.2,-1.1,97.83,1.0,45.2,snow,0.8,24.7,32.0,13.7,44.1,1012.0,100.0,0.4,51.0,0.2,1,10,"Snow, Overcast",snow,
2024-02-27 14:00:00,"61.083,13.617",-0.7,-5.1,-1.0,98.07,0.0,51.6,"rain,snow",0.0,25.67,33.5,14.0,56.2,1011.7,100.0,0.3,42.7,0.2,0,10,"Snow, Rain, Overcast",snow,
2024-02-27 15:00:00,"61.083,13.617",-0.6,-5.1,-0.9,98.31,0.0,51.6,"rain,snow",0.0,26.63,34.9,14.4,68.4,1011.3,100.0,0.2,34.3,0.1,0,10,"Snow, Rain, Overcast",snow,
2024-02-27 16:00:00,"61.083,13.617",-0.5,-5.0,-0.7,98.55,4.8,51.6,snow,2.9,27.6,36.4,14.8,80.5,1011.0,100.0,0.1,26.0,0.1,0,10,"Snow, Overcast",snow,
2024-02-27 17:00:00,"61.083,13.617",-0.2,-4.5,-0.4,98.56,0.0,51.6,"rain,snow",0.0,27.9,37.6,14.3,97.6,1011.0,100.0,0.1,17.3,0.1,0,10,"Snow, Rain, Overcast",snow,
2024-02-27 18:00:00,"61.083,13.617",0.1,-4.0,-0.1,98.56,0.0,51.6,"rain,snow",0.0,28.2,38.8,13.8,114.6,1011.0,100.0,0.0,8.7,0.0,0,10,"Snow, Rain, Overcast",rain,
2024-02-27 19:00:00,"61.083,13.617",0.5,-3.5,0.3,98.56,2.0,51.6,snow,0.9,28.5,40.0,13.3,131.7,1011.0,100.0,0.0,0.0,0.0,0,10,"Snow, Overcast",snow,
2024-02-27 20:00:00,"61.083,13.617",0.5,-3.5,0.4,99.04,0.0,51.6,"rain,snow",0.0,28.0,40.1,13.4,146.3,1012.0,100.0,0.0,0.0,0.0,0,10,"Snow, Rain, Overcast",rain,
2024-02-27 21:00:00,"61.083,13.617",0.6,-3.4,0.5,99.52,0.0,51.6,"rain,snow",0.0,27.5,40.2,13.6,160.9,1013.0,100.0,0.1,0.0,0.0,0,10,"Snow, Rain, Overcast",rain,
2024-02-27 22:00:00,"61.083,13.617",0.7,-3.3,0.7,100.0,0.3,51.6,"rain,snow",0.0,27.0,40.3,13.7,175.5,1014.0,100.0,0.1,0.0,0.0,0,10,"Snow, Rain, Overcast",rain,
2024-02-27 23:00:00,"61.083,13.617",0.6,-2.8,0.5,99.76,0.0,51.6,"rain,snow",0.0,26.57,34.7,10.7,155.0,1014.3,100.0,0.1,0.0,0.0,0,10,"Snow, Rain, Overcast",rain,
2024-02-28 00:00:00,"61.083,13.617",0.5,-2.1,0.4,99.52,0.0,51.6,"rain,snow",0.0,26.13,29.0,7.7,134.6,1014.7,100.0,0.1,0.0,0.0,0,10,"Snow, Rain, Overcast",rain,
2024-02-28 01:00:00,"61.083,13.617",0.4,0.4,0.3,99.28,0.0,51.6,"rain,snow",0.0,25.7,23.4,4.7,114.1,1015.0,100.0,0.1,0.0,0.0,0,10,"Snow, Rain, Overcast",rain,
2024-02-28 02:00:00,"61.083,13.617",0.3,-1.2,0.2,99.52,0.0,45.2,"rain,snow",0.0,25.37,22.6,4.9,115.1,1015.0,100.0,0.1,0.0,0.0,0,10,"Snow, Rain, Overcast",rain,
2024-02-28 03:00:00,"61.083,13.617",0.2,-1.4,0.2,99.76,0.0,45.2,"rain,snow",0.0,25.03,21.7,5.2,116.2,1015.0,100.0,0.1,0.0,0.0,0,10,"Snow, Rain, Overcast",rain,
2024-02-28 04:00:00,"61.083,13.617",0.2,-1.6,0.2,100.0,0.0,45.2,"rain,snow",0.0,24.7,20.9,5.4,117.2,1015.0,100.0,0.1,0.0,0.0,0,10,"Snow, Rain, Overcast",rain,
2024-02-28 05:00:00,"61.083,13.617",0.0,-2.2,-0.1,99.52,0.0,45.2,"rain,snow",0.0,24.57,22.0,6.4,101.9,1015.0,100.0,0.1,0.0,0.0,0,10,"Snow, Rain, Overcast",snow,
2024-02-28 06:00:00,"61.083,13.617",-0.2,-2.7,-0.3,99.04,0.0,45.2,"rain,snow",0.0,24.43,23.0,7.3,86.7,1015.0,100.0,0.1,0.0,0.0,0,10,"Snow, Rain, Overcast",snow,
2024-02-28 07:00:00,"61.083,13.617",-0.3,-3.2,-0.5,98.55,0.1,45.2,snow,0.0,24.3,24.1,8.3,71.4,1015.0,100.0,0.1,0.0,0.0,0,10,"Snow, Overcast",snow,
2024-02-28 08:00:00,"61.083,13.617",-0.5,-3.9,-0.6,98.79,0.0,45.2,"rain,snow",0.0,24.97,26.9,10.1,75.7,1015.0,100.0,0.1,4.0,0.0,0,10,"Snow, Rain, Overcast",snow,
2024-02-28 09:00:00,"61.083,13.617",-0.6,-4.5,-0.7,99.03,0.0,45.2,"rain,snow",0.0,25.63,29.6,11.9,80.1,1015.0,100.0,0.0,8.0,0.0,0,10,"Snow, Rain, Overcast",snow,
2024-02-28 10:00:00,"61.083,13.617",-0.7,-5.1,-0.8,99.27,2.9,45.2,snow,2.0,26.3,32.4,13.7,84.4,1015.0,100.0,0.0,12.0,0.0,0,10,"Snow, Overcast",snow,
2024-02-28 11:00:00,"61.083,13.617",-0.9,-5.4,-1.0,98.79,0.0,45.2,"rain,snow",0.0,27.17,33.6,14.6,86.3,1015.0,100.0,0.0,30.3,0.1,0,10,"Snow, Rain, Overcast",snow,
2024-02-28 12:00:00,"61.083,13.617",-1.0,-5.8,-1.2,98.31,0.0,45.2,"rain,snow",0.0,28.03,34.8,15.6,88.1,1015.0,100.0,0.1,48.7,0.1,0,10,"Snow, Rain, Overcast",snow,
2024-02-28 13:00:00,"61.083,13.617",-1.1,-6.1,-1.4,97.82,4.0,45.2,snow,2.6,28.9,36.0,16.6,90.0,1015.0,100.0,0.1,67.0,0.2,1,10,"Snow, Overcast",snow,
2024-02-28 14:00:00,"61.083,13.617",-1.5,-6.5,-1.8,97.82,0.0,54.8,"rain,snow",0.0,29.67,37.0,16.4,91.0,1014.7,100.0,0.1,71.3,0.2,1,10,"Snow, Rain, Overcast",snow,
2024-02-28 15:00:00,"61.083,13.617",-1.9,-7.0,-2.2,97.81,0.0,54.8,"rain,snow",0.0,30.43,37.9,16.3,92.0,1014.3,100.0,0.1,75.7,0.3,1,10,"Snow, Rain, Overcast",snow,
2024-02-28 16:00:00,"61.083,13.617",-2.2,-7.4,-2.5,97.81,3.1,54.8,snow,2.3,31.2,38.9,16.2,93.0,1014.0,100.0,0.1,80.0,0.3,1,10,"Snow, Overcast",snow,
2024-02-28 17:00:00,"61.083,13.617",-2.3,-7.5,-2.7,97.32,0.0,54.8,snow,0.0,32.6,39.6,16.2,94.1,1014.3,100.0,0.1,53.3,0.2,1,10,"Snow, Overcast",snow,
2024-02-28 18:00:00,"61.083,13.617",-2.4,-7.6,-2.8,96.84,0.0,54.8,snow,0.0,34.0,40.3,16.2,95.3,1014.7,100.0,0.1,26.7,0.1,0,10,"Snow, Overcast",snow,
2024-02-28 19:00:00,"61.083,13.617",-2.4,-7.7,-2.9,96.36,5.9,54.8,snow,4.2,35.4,41.0,16.2,96.4,1015.0,100.0,0.1,0.0,0.0,0,10,"Snow, Overcast",snow,
2024-02-28 20:00:00,"61.083,13.617",-2.6,-7.8,-3.1,96.36,0.0,61.3,snow,0.0,36.73,40.8,15.8,96.8,1015.3,100.0,0.1,0.0,0.0,0,10,"Snow, Overcast",snow,
2024-02-28 21:00:00,"61.083,13.617",-2.8,-7.9,-3.3,96.35,0.0,61.3,snow,0.0,38.07,40.6,15.5,97.1,1015.7,100.0,0.1,0.0,0.0,0,10,"Snow, Overcast",snow,
2024-02-28 22:00:00,"61.083,13.617",-2.9,-8.1,-3.4,96.35,5.0,61.3,snow,4.0,39.4,40.3,15.1,97.5,1016.0,100.0,0.1,0.0,0.0,0,10,"Snow, Overcast",snow,
2024-02-28 23:00:00,"61.083,13.617",-2.9,-7.9,-3.4,96.59,0.0,61.3,snow,0.0,40.13,39.7,14.8,96.8,1016.0,100.0,0.1,0.0,0.0,0,10,"Snow, Overcast",snow,
2024-02-29 00:00:00,"61.083,13.617",-2.9,-7.8,-3.3,96.83,0.0,61.3,snow,0.0,40.87,39.1,14.4,96.1,1016.0,100.0,0.1,0.0,0.0,0,10,"Snow, Overcast",snow,
2024-02-29 01:00:00,"61.083,13.617",-2.8,-7.7,-3.2,97.07,2.7,61.3,snow,2.2,41.6,38.5,14.0,95.4,1016.0,100.0,0.1,0.0,0.0,0,10,"Snow, Overcast",snow,
2024-02-29 02:00:00,"61.083,13.617",-2.9,-7.8,-3.3,97.07,0.0,54.8,snow,0.0,42.23,38.0,14.3,94.0,1016.0,100.0,0.1,0.0,0.0,0,10,"Snow, Overcast",snow,
2024-02-29 03:00:00,"61.083,13.617",-3.0,-8.0,-3.4,97.07,0.0,54.8,snow,0.0,42.87,37.6,14.5,92.6,1016.0,100.0,0.1,0.0,0.0,0,10,"Snow, Overcast",snow,
2024-02-29 04:00:00,"61.083,13.617",-3.0,-8.1,-3.4,97.06,2.3,54.8,snow,1.9,43.5,37.1,14.8,91.2,1016.0,100.0,0.1,0.0,0.0,0,10,"Snow, Overcast",snow,
2024-02-29 05:00:00,"61.083,13.617",-3.2,-8.3,-3.6,97.3,0.0,54.8,snow,0.0,43.63,37.9,15.0,90.1,1016.3,100.0,0.1,0.0,0.0,0,10,"Snow, Overcast",snow,
2024-02-29 06:00:00,"61.083,13.617",-3.3,-8.5,-3.6,97.54,0.0,54.8,snow,0.0,43.77,38.8,15.2,89.1,1016.7,100.0,0.2,0.0,0.0,0,10,"Snow, Overcast",snow,
2024-02-29 07:00:00,"61.083,13.617",-3.4,-8.7,-3.7,97.78,0.5,54.8,snow,0.4,43.9,39.6,15.5,88.0,1017.0,100.0,0.2,0.0,0.0,0,10,"Snow, Overcast",snow,
2024-02-29 08:00:00,"61.083,13.617",-3.4,-8.7,-3.7,97.78,0.0,45.2,snow,0.0,43.97,39.4,15.6,87.6,1017.3,100.0,0.2,5.3,0.0,0,10,"Snow, Overcast",snow,
2024-02-29 09:00:00,"61.083,13.617",-3.4,-8.7,-3.7,97.78,0.0,45.2,snow,0.0,44.03,39.1,15.7,87.1,1017.7,100.0,0.2,10.7,0.1,0,10,"Snow, Overcast",snow,
2024-02-29 10:00:00,"61.083,13.617",-3.3,-8.7,-3.6,97.79,0.3,45.2,snow,0.2,44.1,38.9,15.8,86.7,1018.0,100.0,0.2,16.0,0.1,0,10,"Snow, Overcast",snow,
2024-02-29 11:00:00,"61.083,13.617",-3.1,-8.4,-3.4,97.79,0.0,45.2,snow,0.0,44.1,38.5,15.6,86.8,1018.3,100.0,0.3,29.0,0.1,0,10,"Snow, Overcast",snow,
2024-02-29 12:00:00,"61.083,13.617",-2.9,-8.0,-3.2,97.79,0.0,45.2,snow,0.0,44.1,38.2,15.4,86.9,1018.7,100.0,0.4,42.0,0.2,0,10,"Snow, Overcast",snow,
2024-02-29 13:00:00,"61.083,13.617",-2.6,-7.7,-2.9,97.8,0.1,45.2,snow,0.0,44.1,37.8,15.1,87.0,1019.0,100.0,0.5,55.0,0.2,1,10,"Snow, Overcast",snow,
2024-02-29 14:00:00,"61.083,13.617",-2.6,-7.7,-2.9,97.56,0.0,35.5,,0.0,44.1,37.0,15.5,88.0,1019.0,100.0,0.7,56.0,0.2,1,10,Overcast,fog,
2024-02-29 15:00:00,"61.083,13.617",-2.5,-7.7,-2.9,97.32,0.0,35.5,,0.0,44.1,36.1,15.8,89.0,1019.0,100.0,0.8,57.0,0.2,1,10,Overcast,fog,
2024-02-29 16:00:00,"61.083,13.617",-2.4,-7.7,-2.8,97.08,0.1,35.5,snow,0.0,44.1,35.3,16.2,90.0,1019.0,100.0,1.0,58.0,0.2,1,10,Overcast,cloudy,
2024-02-29 17:00:00,"61.083,13.617",-2.6,-7.9,-3.1,96.83,0.0,35.5,,0.0,44.1,36.8,16.4,91.2,1019.3,100.0,1.3,38.7,0.1,0,10,Overcast,cloudy,
2024-02-29 18:00:00,"61.083,13.617",-2.8,-8.2,-3.3,96.59,0.0,35.5,,0.0,44.1,38.4,16.7,92.3,1019.7,100.0,1.5,19.3,0.1,0,10,Overcast,cloudy,
2024-02-29 19:00:00,"61.083,13.617",-3.0,-8.5,-3.5,96.34,0.0,35.5,snow,0.0,44.1,40.0,16.9,93.5,1020.0,100.0,1.8,0.0,0.0,0,10,Overcast,cloudy,
2024-02-29 20:00:00,"61.083,13.617",-3.3,-8.8,-3.8,96.33,0.0,38.7,,0.0,44.1,40.0,16.6,91.1,1020.0,100.0,1.6,0.0,0.0,0,10,Overcast,cloudy,
2024-02-29 21:00:00,"61.083,13.617",-3.6,-9.1,-4.1,96.33,0.0,38.7,,0.0,44.1,40.0,16.2,88.6,1020.0,100.0,1.3,0.0,0.0,0,10,Overcast,cloudy,
2024-02-29 22:00:00,"61.083,13.617",-3.8,-9.3,-4.3,96.32,0.2,38.7,snow,0.0,44.1,40.0,15.8,86.2,1020.0,100.0,1.1,0.0,0.0,0,10,Overcast,cloudy,
2024-02-29 23:00:00,"61.083,13.617",-3.9,-9.3,-4.4,96.32,0.0,38.7,,0.0,44.17,39.2,15.2,86.8,1020.3,100.0,0.9,0.0,0.0,0,10,Overcast,fog,
2024-03-01 00:00:00,"61.083,13.617",-4.0,-9.3,-4.5,96.31,0.0,38.7,,0.0,44.23,38.5,14.6,87.4,1020.7,100.0,0.8,0.0,0.0,0,10,Overcast,fog,
2024-03-01 01:00:00,"61.083,13.617",-4.1,-9.3,-4.6,96.31,0.3,38.7,snow,0.2,44.3,37.8,14.0,88.0,1021.0,100.0,0.6,0.0,0.0,0,10,Overcast,fog,
2024-03-01 02:00:00,"61.083,13.617",-4.1,-9.2,-4.5,96.79,0.0,25.8,,0.0,44.37,36.6,13.7,86.5,1021.0,100.0,0.6,0.0,0.0,0,10,Overcast,fog,
2024-03-01 03:00:00,"61.083,13.617",-4.1,-9.1,-4.4,97.28,0.0,25.8,,0.0,44.43,35.4,13.3,85.1,1021.0,100.0,0.7,0.0,0.0,0,10,Overcast,fog,
2024-03-01 04:00:00,"61.083,13.617",-4.0,-8.9,-4.3,97.77,0.5,25.8,snow,0.2,44.5,34.2,13.0,83.6,1021.0,100.0,0.7,0.0,0.0,0,10,Overcast,fog,
2024-03-01 05:00:00,"61.083,13.617",-4.0,-8.7,-4.3,97.77,0.0,25.8,,0.0,44.5,33.2,12.2,86.2,1021.0,100.0,0.5,0.0,0.0,0,10,Overcast,fog,
2024-03-01 06:00:00,"61.083,13.617",-4.0,-8.5,-4.3,97.77,0.0,25.8,,0.0,44.5,32.3,11.5,88.8,1021.0,100.0,0.4,0.0,0.0,0,10,Overcast,fog,
2024-03-01 07:00:00,"61.083,13.617",-3.9,-8.2,-4.2,97.77,0.1,25.8,snow,0.0,44.5,31.3,10.8,91.4,1021.0,100.0,0.2,0.0,0.0,0,10,Overcast,fog,
2024-03-01 08:00:00,"61.083,13.617",-3.6,-7.8,-3.9,97.78,0.0,32.3,,0.0,44.5,29.4,10.7,96.6,1021.3,100.0,0.2,10.7,0.0,0,10,Overcast,fog,
2024-03-01 09:00:00,"61.083,13.617",-3.3,-7.4,-3.6,97.79,0.0,32.3,,0.0,44.5,27.5,10.6,101.7,1021.7,100.0,0.2,21.3,0.1,0,10,Overcast,fog,
2024-03-01 10:00:00,"61.083,13.617",-2.9,-6.9,-3.2,97.79,0.1,32.3,snow,0.0,44.5,25.6,10.4,106.9,1022.0,100.0,0.2,32.0,0.1,0,10,Overcast,fog,
2024-03-01 11:00:00,"61.083,13.617",-2.6,-6.7,-2.9,97.56,0.0,32.3,,0.0,44.5,24.5,10.9,111.5,1022.0,100.0,1.7,55.0,0.2,1,10,Overcast,cloudy,
2024-03-01 12:00:00,"61.083,13.617",-2.3,-6.4,-2.6,97.32,0.0,32.3,,0.0,44.5,23.4,11.4,116.2,1022.0,100.0,3.0,78.0,0.3,1,10,Overcast,cloudy,
2024-03-01 13:00:00,"61.083,13.617",-1.9,-6.1,-2.3,97.09,0.1,32.3,snow,0.0,44.5,22.3,11.9,120.8,1022.0,100.0,4.4,101.0,0.4,1,10,Overcast,cloudy,
2024-03-01 14:00:00,"61.083,13.617",-1.9,-5.8,-2.3,97.33,0.0,25.8,,0.0,44.5,21.7,10.6,116.9,1021.7,100.0,3.2,77.3,0.3,1,10,Overcast,cloudy,
2024-03-01 15:00:00,"61.083,13.617",-1.9,-5.4,-2.3,97.57,0.0,25.8,,0.0,44.5,21.1,9.2,113.1,1021.3,100.0,1.9,53.7,0.2,1,10,Overcast,cloudy,
2024-03-01 16:00:00,"61.083,13.617",-1.9,-5.0,-2.2,97.81,0.1,25.8,"rain,snow",0.0,44.5,20.5,7.9,109.2,1021.0,100.0,0.7,30.0,0.1,0,10,Overcast,fog,
2024-03-01 17:00:00,"61.083,13.617",-2.2,-5.2,-2.6,97.08,0.0,25.8,,0.0,44.47,20.8,7.8,115.5,1021.3,100.0,3.3,20.0,0.1,0,10,Overcast,cloudy,
2024-03-01 18:00:00,"61.083,13.617",-2.4,-5.4,-2.9,96.36,0.0,25.8,,0.0,44.43,21.0,7.7,121.7,1021.7,100.0,5.8,10.0,0.0,0,10,Overcast,cloudy,
2024-03-01 19:00:00,"61.083,13.617",-2.6,-5.7,-3.2,95.64,0.0,25.8,,0.0,44.4,21.2,7.6,128.0,1022.0,100.0,8.4,0.0,0.0,0,10,Overcast,cloudy,
2024-03-01 20:00:00,"61.083,13.617",-3.0,-5.6,-3.5,96.58,0.0,45.2,snow,0.0,44.4,18.6,6.4,122.3,1022.0,100.0,7.4,0.0,0.0,0,10,"Snow, Overcast",snow,
2024-03-01 21:00:00,"61.083,13.617",-3.4,-5.5,-3.7,97.54,0.0,45.2,snow,0.0,44.4,16.0,5.2,116.7,1022.0,100.0,6.3,0.0,0.0,0,10,"Snow, Overcast",snow,
2024-03-01 22:00:00,"61.083,13.617",-3.7,-3.7,-3.9,98.51,0.0,45.2,snow,0.0,44.4,13.3,4.0,111.0,1022.0,100.0,5.3,0.0,0.0,0,10,"Snow, Overcast",snow,
2024-03-01 23:00:00,"61.083,13.617",-3.7,-5.7,-4.1,96.56,0.0,45.2,snow,0.0,44.37,11.9,4.9,127.8,1022.0,100.0,10.7,0.0,0.0,0,10,"Snow, Overcast",snow,
2024-03-02 00:00:00,"61.083,13.617",-3.6,-6.1,-4.3,94.65,0.0,45.2,snow,0.0,44.33,10.4,5.9,144.5,1022.0,100.0,16.2,0.0,0.0,0,10,"Snow, Overcast",snow,
2024-03-02 01:00:00,"61.083,13.617",-3.5,-6.4,-4.5,92.77,0.0,45.2,snow,0.0,44.3,9.0,6.8,161.3,1022.0,100.0,21.6,0.0,0.0,0,10,"Snow, Overcast",snow,
2024-03-02 02:00:00,"61.083,13.617",-3.7,-6.7,-4.8,92.53,0.0,25.8,,0.0,44.3,8.8,6.8,163.6,1021.7,100.0,22.3,0.0,0.0,0,10,Overcast,cloudy,
2024-03-02 03:00:00,"61.083,13.617",-3.9,-6.9,-5.0,92.28,0.0,25.8,,0.0,44.3,8.5,6.8,165.9,1021.3,100.0,23.1,0.0,0.0,0,10,Overcast,cloudy,
2024-03-02 04:00:00,"61.083,13.617",-4.1,-7.1,-5.2,92.04,0.0,25.8,,0.0,44.3,8.3,6.8,168.2,1021.0,100.0,23.8,0.0,0.0,0,10,Overcast,cloudy,
2024-03-02 05:00:00,"61.083,13.617",-4.5,-7.4,-5.5,92.72,0.0,25.8,,0.0,44.27,9.2,6.5,169.9,1021.3,100.0,17.6,0.0,0.0,0,10,Overcast,cloudy,
2024-03-02 06:00:00,"61.083,13.617",-4.8,-7.6,-5.7,93.41,0.0,25.8,,0.0,44.23,10.2,6.1,171.7,1021.7,100.0,11.5,0.0,0.0,0,10,Overcast,cloudy,
2024-03-02 07:00:00,"61.083,13.617",-5.1,-7.8,-5.9,94.11,0.0,25.8,,0.0,44.2,11.2,5.8,173.4,1022.0,100.0,5.3,0.0,0.0,0,10,Overcast,cloudy,
2024-03-02 08:00:00,"61.083,13.617",-4.7,-7.5,-5.6,94.12,0.0,25.8,,0.0,44.2,11.4,6.1,180.0,1022.0,100.0,5.6,20.3,0.1,0,10,Overcast,cloudy,
2024-03-02 09:00:00,"61.083,13.617",-4.3,-7.2,-5.1,94.14,0.0,25.8,,0.0,44.2,11.6,6.5,186.5,1022.0,99.9,5.8,40.7,0.1,0,10,Overcast,cloudy,
2024-03-02 10:00:00,"61.083,13.617",-3.9,-6.9,-4.7,94.16,0.1,25.8,snow,0.0,44.2,11.9,6.8,193.1,1022.0,99.9,6.1,61.0,0.2,1,10,Overcast,cloudy,
2024-03-02 11:00:00,"61.083,13.617",-3.4,-6.4,-4.3,93.48,0.0,25.8,,0.0,44.17,12.1,7.1,200.4,1021.7,99.9,9.4,101.7,0.4,1,10,Overcast,cloudy,
2024-03-02 12:00:00,"61.083,13.617",-2.9,-5.9,-3.9,92.81,0.0,25.8,,0.0,44.13,12.4,7.3,207.6,1021.3,100.0,12.8,142.3,0.5,1,10,Overcast,cloudy,
2024-03-02 13:00:00,"61.083,13.617",-2.3,-5.3,-3.4,92.15,0.0,25.8,,0.0,44.1,12.6,7.6,214.9,1021.0,100.0,16.1,183.0,0.7,2,10,Overcast,cloudy,
2024-03-02 14:00:00,"61.083,13.617",-2.2,-5.1,-3.2,92.85,0.0,29.0,,0.0,44.07,13.2,7.4,214.1,1021.0,100.0,17.4,161.0,0.6,2,10,Overcast,cloudy,
2024-03-02 15:00:00,"61.083,13.617",-2.0,-4.8,-2.9,93.56,0.0,29.0,,0.0,44.03,13.8,7.3,213.2,1021.0,100.0,18.6,139.0,0.5,1,10,Overcast,cloudy,
2024-03-02 16:00:00,"61.083,13.617",-1.8,-4.6,-2.6,94.26,0.0,29.0,,0.0,44.0,14.4,7.2,212.4,1021.0,100.0,19.9,117.0,0.4,1,10,Overcast,cloudy,
2024-03-02 17:00:00,"61.083,13.617",-2.2,-4.7,-2.8,95.18,0.0,29.0,,0.0,43.97,13.3,6.4,215.4,1021.0,100.0,20.7,78.0,0.3,1,10,Overcast,cloudy,
2024-03-02 18:00:00,"61.083,13.617",-2.5,-4.7,-3.1,96.12,0.0,29.0,,0.0,43.93,12.2,5.5,218.4,1021.0,100.0,21.5,39.0,0.1,0,10,Overcast,cloudy,
2024-03-02 19:00:00,"61.083,13.617",-2.8,-2.8,-3.2,97.07,0.0,29.0,,0.0,43.9,11.2,4.7,221.4,1021.0,100.0,22.3,0.0,0.0,0,10,Overcast,cloudy,
2024-03-02 20:00:00,"61.083,13.617",-3.1,-5.3,-3.6,96.58,0.0,25.8,,0.0,43.9,13.4,5.3,229.0,1021.3,100.0,21.5,0.0,0.0,0,10,Overcast,cloudy,
2024-03-02 21:00:00,"61.083,13.617",-3.4,-5.9,-4.0,96.09,0.0,25.8,,0.0,43.9,15.7,5.9,236.6,1021.7,100.0,20.6,0.0,0.0,0,10,Overcast,cloudy,
2024-03-02 22:00:00,"61.083,13.617",-3.7,-6.5,-4.3,95.6,0.0,25.8,,0.0,43.9,18.0,6.5,244.2,1022.0,100.0,19.8,0.0,0.0,0,10,Overcast,cloudy,
2024-03-02 23:00:00,"61.083,13.617",-3.5,-5.9,-4.1,95.61,0.0,25.8,,0.0,43.87,14.5,5.8,247.4,1022.0,100.0,21.2,0.0,0.0,0,10,Overcast,cloudy,
2024-03-03 00:00:00,"61.083,13.617",-3.2,-5.2,-3.8,95.62,0.0,25.8,,0.0,43.83,11.0,5.0,250.6,1022.0,100.0,22.7,0.0,0.0,0,10,Overcast,cloudy,
2024-03-03 01:00:00,"61.083,13.617",-2.9,-2.9,-3.5,95.63,0.0,25.8,,0.0,43.8,7.6,4.3,253.8,1022.0,100.0,24.1,0.0,0.0,0,10,Overcast,cloudy,
2024-03-03 02:00:00,"61.083,13.617",-4.7,-4.7,-5.3,95.32,0.0,9.7,,0.0,43.8,6.4,4.4,265.9,1022.3,100.0,19.0,0.0,0.0,0,10,Overcast,cloudy,
2024-03-03 03:00:00,"61.083,13.617",-6.4,-6.4,-7.1,95.01,0.0,9.7,,0.0,43.8,5.2,4.6,277.9,1022.7,100.0,14.0,0.0,0.0,0,10,Overcast,cloudy,
2024-03-03 04:00:00,"61.083,13.617",-8.1,-8.1,-8.8,94.69,0.0,9.7,,0.0,43.8,4.0,4.7,290.0,1023.0,100.0,8.9,0.0,0.0,0,10,Overcast,cloudy,
2024-03-03 05:00:00,"61.083,13.617",-8.5,-8.5,-9.1,94.93,0.0,9.7,,0.0,43.8,4.1,4.7,295.0,1023.3,100.0,7.6,0.0,0.0,0,10,Overcast,cloudy,
2024-03-03 06:00:00,"61.083,13.617",-8.8,-8.8,-9.4,95.16,0.0,9.7,,0.0,43.8,4.2,4.7,300.0,1023.7,100.0,6.2,0.0,0.0,0,10,Overcast,cloudy,
2024-03-03 07:00:00,"61.083,13.617",-9.1,-9.1,-9.7,95.4,0.0,9.7,,0.0,43.8,4.3,4.7,305.0,1024.0,100.0,4.9,0.0,0.0,0,10,Overcast,cloudy,
2024-03-03 08:00:00,"61.083,13.617",-7.4,-7.4,-8.1,94.73,0.0,19.4,,0.0,43.8,5.9,4.8,313.3,1024.0,100.0,11.3,31.3,0.2,0,10,Overcast,cloudy,
2024-03-03 09:00:00,"61.083,13.617",-5.7,-8.0,-6.6,94.08,0.0,19.4,,0.0,43.8,7.4,4.9,321.5,1024.0,100.0,17.7,62.7,0.3,1,10,Overcast,cloudy,
2024-03-03 10:00:00,"61.083,13.617",-4.0,-6.2,-4.9,93.45,0.0,19.4,,0.0,43.8,9.0,5.0,329.8,1024.0,100.0,24.1,94.0,0.3,1,10,Overcast,cloudy,
2024-03-03 11:00:00,"61.083,13.617",-3.0,-3.0,-3.9,93.5,0.0,19.4,,0.0,43.47,8.4,4.7,323.7,1023.7,86.3,24.1,160.7,0.6,2,10,Partially cloudy,partly-cloudy-day,
2024-03-03 12:00:00,"61.083,13.617",-2.0,-2.0,-2.9,93.56,0.0,19.4,,0.0,43.13,7.8,4.3,317.5,1023.3,72.5,24.1,227.3,0.8,2,10,Partially cloudy,partly-cloudy-day,
2024-03-03 13:00:00,"61.083,13.617",-0.9,-0.9,-1.8,93.61,0.0,19.4,,0.0,42.8,7.2,4.0,311.4,1023.0,58.8,24.1,294.0,1.1,3,10,Partially cloudy,partly-cloudy-day,
2024-03-03 14:00:00,"61.083,13.617",-0.8,-0.8,-1.8,92.93,0.0,19.4,,0.0,42.03,5.6,3.1,321.1,1023.0,72.5,24.1,267.7,1.0,3,10,Partially cloudy,partly-cloudy-day,
2024-03-03 15:00:00,"61.083,13.617",-0.6,-0.6,-1.7,92.26,0.0,19.4,,0.0,41.27,4.1,2.3,330.8,1023.0,86.3,24.1,241.3,0.9,2,10,Partially cloudy,partly-cloudy-day,
2024-03-03 16:00:00,"61.083,13.617",-0.4,-0.4,-1.6,91.6,0.1,19.4,"rain,snow",0.0,40.5,2.5,1.4,340.5,1023.0,100.0,24.1,215.0,0.8,2,10,Overcast,cloudy,
2024-03-03 17:00:00,"61.083,13.617",-0.8,-0.8,-2.0,91.57,0.0,19.4,,0.0,40.47,3.1,2.4,308.6,1023.0,100.0,24.1,143.3,0.5,1,10,Overcast,cloudy,
2024-03-03 18:00:00,"61.083,13.617",-1.1,-1.1,-2.3,91.55,0.0,19.4,,0.0,40.43,3.7,3.4,276.7,1023.0,100.0,24.1,71.7,0.3,0,10,Overcast,cloudy,
2024-03-03 19:00:00,"61.083,13.617",-1.4,-1.4,-2.6,91.53,0.0,19.4,,0.0,40.4,4.3,4.3,244.8,1023.0,100.0,24.1,0.0,0.0,0,10,Overcast,cloudy,
2024-03-03 20:00:00,"61.083,13.617",-1.6,-1.6,-2.8,91.52,0.0,22.6,,0.0,40.4,4.3,4.4,244.9,1022.7,100.0,24.1,0.0,0.0,0,10,Overcast,cloudy,
2024-03-03 21:00:00,"61.083,13.617",-1.8,-1.8,-3.1,91.5,0.0,22.6,,0.0,40.4,4.3,4.6,245.0,1022.3,100.0,24.1,0.0,0.0,0,10,Overcast,cloudy,
2024-03-03 22:00:00,"61.083,13.617",-2.0,-2.0,-3.2,91.49,0.1,22.6,snow,0.0,40.4,4.3,4.7,245.1,1022.0,100.0,24.1,0.0,0.0,0,10,Overcast,cloudy,
2024-03-03 23:00:00,"61.083,13.617",-2.4,-2.4,-3.3,93.3,0.0,22.6,,0.0,40.4,4.8,4.6,237.3,1022.0,100.0,23.5,0.0,0.0,0,10,Overcast,cloudy,
2024-03-04 00:00:00,"61.083,13.617",-2.7,-2.7,-3.4,95.16,0.0,22.6,,0.0,40.4,5.3,4.4,229.4,1022.0,100.0,23.0,0.0,0.0,0,10,Overcast,cloudy,
2024-03-04 01:00:00,"61.083,13.617",-3.0,-3.0,-3.4,97.06,0.0,22.6,,0.0,40.4,5.8,4.3,221.6,1022.0,100.0,22.4,0.0,0.0,0,10,Overcast,cloudy,
2024-03-04 02:00:00,"61.083,13.617",-3.1,-3.1,-3.6,96.58,0.0,12.9,,0.0,40.37,10.2,4.7,221.5,1021.3,100.0,21.2,0.0,0.0,0,10,Overcast,cloudy,
2024-03-04 03:00:00,"61.083,13.617",-3.1,-5.1,-3.6,96.1,0.0,12.9,,0.0,40.33,14.6,5.0,221.3,1020.7,100.0,20.0,0.0,0.0,0,10,Overcast,cloudy,
2024-03-04 04:00:00,"61.083,13.617",-3.1,-5.3,-3.7,95.62,0.0,12.9,,0.0,40.3,19.1,5.4,221.2,1020.0,100.0,18.8,0.0,0.0,0,10,Overcast,cloudy,
2024-03-04 05:00:00,"61.083,13.617",-3.2,-5.4,-3.7,96.1,0.0,12.9,,0.0,40.3,20.0,5.3,213.0,1019.3,100.0,16.6,0.0,0.0,0,10,Overcast,cloudy,
2024-03-04 06:00:00,"61.083,13.617",-3.3,-5.4,-3.7,96.58,0.0,12.9,,0.0,40.3,21.0,5.2,204.7,1018.7,100.0,14.5,0.0,0.0,0,10,Overcast,cloudy,
2024-03-04 07:00:00,"61.083,13.617",-3.3,-5.4,-3.7,97.06,0.0,12.9,,0.0,40.3,22.0,5.0,196.5,1018.0,100.0,12.3,0.0,0.0,0,10,Overcast,cloudy,
2024-03-04 08:00:00,"61.083,13.617",-2.7,-5.7,-3.2,96.35,0.0,16.1,,0.0,40.3,25.0,7.2,203.0,1017.7,100.0,10.0,15.0,0.1,0,10,Overcast,cloudy,
2024-03-04 09:00:00,"61.083,13.617",-2.1,-5.7,-2.7,95.66,0.0,16.1,,0.0,40.3,28.0,9.4,209.5,1017.3,100.0,7.6,30.0,0.1,0,10,Overcast,cloudy,
2024-03-04 10:00:00,"61.083,13.617",-1.5,-5.5,-2.2,94.97,0.1,16.1,"rain,snow",0.0,40.3,31.0,11.5,216.0,1017.0,100.0,5.3,45.0,0.2,0,10,Overcast,cloudy,
2024-03-04 11:00:00,"61.083,13.617",-1.3,-5.2,-1.9,95.69,0.0,16.1,,0.0,40.13,28.9,11.5,209.3,1016.0,100.0,4.2,75.0,0.3,1,10,Overcast,cloudy,
2024-03-04 12:00:00,"61.083,13.617",-1.0,-4.9,-1.5,96.4,0.0,16.1,,0.0,39.97,26.9,11.5,202.6,1015.0,100.0,3.0,105.0,0.4,1,10,Overcast,cloudy,
2024-03-04 13:00:00,"61.083,13.617",-0.7,-4.6,-1.1,97.12,0.0,16.1,,0.0,39.8,24.8,11.5,195.9,1014.0,100.0,1.9,135.0,0.5,1,10,Overcast,cloudy,
2024-03-04 14:00:00,"61.083,13.617",-0.8,-4.6,-1.2,97.35,0.0,25.8,,0.0,39.73,27.0,11.3,191.0,1013.0,100.0,1.3,116.0,0.4,1,10,Overcast,cloudy,
2024-03-04 15:00:00,"61.083,13.617",-0.9,-4.6,-1.2,97.59,0.0,25.8,,0.0,39.67,29.2,11.0,186.0,1012.0,100.0,0.8,97.0,0.4,1,10,Overcast,fog,
2024-03-04 16:00:00,"61.083,13.617",-0.9,-4.6,-1.2,97.83,0.1,25.8,"rain,snow",0.0,39.6,31.3,10.8,181.1,1011.0,100.0,0.2,78.0,0.3,1,10,Overcast,fog,
2024-03-04 17:00:00,"61.083,13.617",-1.0,-4.7,-1.3,97.83,0.0,25.8,,0.0,39.6,30.4,10.8,177.6,1010.3,100.0,0.3,52.0,0.2,1,10,Overcast,fog,
2024-03-04 18:00:00,"61.083,13.617",-1.0,-4.7,-1.3,97.83,0.0,25.8,,0.0,39.6,29.4,10.8,174.0,1009.7,100.0,0.5,26.0,0.1,0,10,Overcast,fog,
2024-03-04 19:00:00,"61.083,13.617",-1.0,-4.8,-1.3,97.83,0.0,25.8,,0.0,39.6,28.4,10.8,170.5,1009.0,100.0,0.6,0.0,0.0,0,10,Overcast,fog,
2024-03-04 20:00:00,"61.083,13.617",-1.0,-5.0,-1.3,97.83,0.0,29.0,,0.0,39.83,30.0,11.9,158.4,1008.0,100.0,0.5,0.0,0.0,0,10,Overcast,fog,
2024-03-04 21:00:00,"61.083,13.617",-1.0,-5.2,-1.3,97.83,0.0,29.0,,0.0,40.07,31.6,13.0,146.3,1007.0,100.0,0.3,0.0,0.0,0,10,Overcast,fog,
2024-03-04 22:00:00,"61.083,13.617",-0.9,-5.4,-1.2,97.83,1.0,29.0,snow,0.7,40.3,33.1,14.0,134.2,1006.0,100.0,0.2,0.0,0.0,0,10,Overcast,fog,
2024-03-04 23:00:00,"61.083,13.617",-1.0,-5.6,-1.3,97.59,0.0,29.0,,0.0,40.57,35.2,14.9,131.9,1005.3,100.0,0.2,0.0,0.0,0,10,Overcast,fog,
2024-03-05 00:00:00,"61.083,13.617",-1.0,-5.8,-1.4,97.35,0.0,29.0,,0.0,40.83,37.2,15.7,129.5,1004.7,100.0,0.2,0.0,0.0,0,10,Overcast,fog,
2024-03-05 01:00:00,"61.083,13.617",-1.0,-6.0,-1.4,97.11,1.1,29.0,snow,0.8,41.1,39.2,16.6,127.2,1004.0,100.0,0.2,0.0,0.0,0,10,Overcast,fog,
2024-03-05 02:00:00,"61.083,13.617",-1.4,-6.4,-1.7,97.34,0.0,16.1,,0.0,41.3,38.9,16.7,122.9,1003.3,100.0,0.2,0.0,0.0,0,10,Overcast,fog,
2024-03-05 03:00:00,"61.083,13.617",-1.7,-6.9,-2.0,97.57,0.0,16.1,,0.0,41.5,38.5,16.8,118.7,1002.7,100.0,0.1,0.0,0.0,0,10,Overcast,fog,
2024-03-05 04:00:00,"61.083,13.617",-2.0,-7.3,-2.3,97.81,0.9,16.1,snow,0.6,41.7,38.2,16.9,114.4,1002.0,100.0,0.1,0.0,0.0,0,10,Overcast,fog,
2024-03-05 05:00:00,"61.083,13.617",-2.4,-7.7,-2.7,97.32,0.0,16.1,,0.0,42.13,38.3,16.7,109.7,1002.0,100.0,0.1,0.0,0.0,0,10,Overcast,fog,
2024-03-05 06:00:00,"61.083,13.617",-2.7,-8.0,-3.1,96.83,0.0,16.1,,0.0,42.57,38.4,16.4,105.0,1002.0,100.0,0.1,0.0,0.0,0,10,Overcast,fog,
2024-03-05 07:00:00,"61.083,13.617",-3.0,-8.4,-3.5,96.34,1.6,16.1,snow,1.3,43.0,38.5,16.2,100.3,1002.0,100.0,0.1,0.0,0.0,0,10,Overcast,fog,
2024-03-05 08:00:00,"61.083,13.617",-2.8,-8.1,-3.3,96.35,0.0,9.7,,0.0,43.43,38.9,16.4,96.0,1002.0,100.0,0.1,16.3,0.1,0,10,Overcast,fog,
2024-03-05 09:00:00,"61.083,13.617",-2.5,-7.8,-3.0,96.36,0.0,9.7,,0.0,43.87,39.2,16.7,91.7,1002.0,100.0,0.1,32.7,0.1,0,10,Overcast,fog,
2024-03-05 10:00:00,"61.083,13.617",-2.2,-7.5,-2.7,96.37,1.7,9.7,snow,1.3,44.3,39.6,16.9,87.4,1002.0,100.0,0.1,49.0,0.2,0,10,Overcast,fog,
2024-03-05 11:00:00,"61.083,13.617",-1.8,-7.1,-2.2,96.85,0.0,9.7,,0.0,44.73,40.3,17.6,88.3,1002.0,100.0,0.1,87.7,0.3,1,10,Overcast,fog,
2024-03-05 12:00:00,"61.083,13.617",-1.4,-6.7,-1.7,97.34,0.0,9.7,,0.0,45.17,41.0,18.4,89.1,1002.0,100.0,0.1,126.3,0.5,1,10,Overcast,fog,
2024-03-05 13:00:00,"61.083,13.617",-0.9,-6.3,-1.2,97.83,1.8,9.7,snow,1.3,45.6,41.8,19.1,90.0,1002.0,100.0,0.1,165.0,0.6,2,10,Overcast,fog,
2024-03-05 14:00:00,"61.083,13.617",-0.9,-6.3,-1.2,97.83,0.0,6.5,,0.0,45.83,41.2,19.2,89.8,1002.0,100.0,0.1,152.3,0.6,2,10,Overcast,fog,
2024-03-05 15:00:00,"61.083,13.617",-0.9,-6.2,-1.2,97.83,0.0,6.5,,0.0,46.07,40.6,19.3,89.6,1002.0,100.0,0.2,139.7,0.5,1,10,Overcast,fog,
2024-03-05 16:00:00,"61.083,13.617",-0.8,-6.2,-1.1,97.83,1.4,6.5,snow,0.7,46.3,40.0,19.4,89.4,1002.0,100.0,0.2,127.0,0.5,1,10,Overcast,fog,
2024-03-05 17:00:00,"61.083,13.617",-1.0,-6.4,-1.4,97.59,0.0,6.5,,0.0,46.3,40.7,19.3,84.6,1002.7,100.0,0.2,84.7,0.3,1,10,Overcast,fog,
2024-03-05 18:00:00,"61.083,13.617",-1.2,-6.7,-1.6,97.35,0.0,6.5,,0.0,46.3,41.4,19.2,79.9,1003.3,100.0,0.2,42.3,0.2,0,10,Overcast,fog,
2024-03-05 19:00:00,"61.083,13.617",-1.4,-6.9,-1.8,97.1,0.0,6.5,,0.0,46.3,42.1,19.1,75.1,1004.0,100.0,0.2,0.0,0.0,0,10,Overcast,fog,
2024-03-05 20:00:00,"61.083,13.617",-1.8,-7.3,-2.2,97.09,0.0,16.1,,0.0,46.3,42.4,18.6,71.7,1004.7,100.0,1.0,0.0,0.0,0,10,Overcast,cloudy,
2024-03-05 21:00:00,"61.083,13.617",-2.2,-7.8,-2.6,97.08,0.0,16.1,,0.0,46.3,42.6,18.1,68.2,1005.3,100.0,1.8,0.0,0.0,0,10,Overcast,cloudy,
2024-03-05 22:00:00,"61.083,13.617",-2.6,-8.2,-3.0,97.07,0.1,16.1,snow,0.0,46.3,42.8,17.6,64.8,1006.0,100.0,2.6,0.0,0.0,0,10,Overcast,cloudy,
2024-03-05 23:00:00,"61.083,13.617",-2.9,-8.5,-3.3,96.83,0.0,16.1,,0.0,46.3,42.4,17.9,61.3,1006.7,100.0,2.4,0.0,0.0,0,10,Overcast,cloudy,
